place_id,date,time,visits_num
34b077d134524ae498fad5af3422ea17,Thursday - January,12,0.34813085
34b077d134524ae498fad5af3422ea17,Thursday - January,16,0.61214954
34b077d134524ae498fad5af3422ea17,Thursday - January,21,0.1682243
34b077d134524ae498fad5af3422ea17,Thursday - January,19,0.5771028
34b077d134524ae498fad5af3422ea17,Thursday - January,0,0.11915888
34b077d134524ae498fad5af3422ea17,Thursday - January,4,0.22429906
34b077d134524ae498fad5af3422ea17,Thursday - January,7,0.06308411
34b077d134524ae498fad5af3422ea17,Thursday - March,16,0.69859815
34b077d134524ae498fad5af3422ea17,Thursday - March,19,0.6962617
34b077d134524ae498fad5af3422ea17,Thursday - March,21,0.16588785
34b077d134524ae498fad5af3422ea17,Thursday - March,12,0.3995327
34b077d134524ae498fad5af3422ea17,Thursday - March,0,0.07943925
34b077d134524ae498fad5af3422ea17,Thursday - March,4,0.18457943
34b077d134524ae498fad5af3422ea17,Thursday - March,7,0.08411215
34b077d134524ae498fad5af3422ea17,Thursday - May,16,0.69392526
34b077d134524ae498fad5af3422ea17,Thursday - May,19,0.6682243
34b077d134524ae498fad5af3422ea17,Thursday - May,12,0.41588786
34b077d134524ae498fad5af3422ea17,Thursday - May,21,0.12850468
34b077d134524ae498fad5af3422ea17,Thursday - May,0,0.07943925
34b077d134524ae498fad5af3422ea17,Thursday - May,4,0.18457943
34b077d134524ae498fad5af3422ea17,Thursday - May,7,0.08411215
34b077d134524ae498fad5af3422ea17,Thursday - July,16,0.7313084
34b077d134524ae498fad5af3422ea17,Thursday - July,19,0.75934577
34b077d134524ae498fad5af3422ea17,Thursday - July,12,0.48598132
34b077d134524ae498fad5af3422ea17,Thursday - July,21,0.1682243
34b077d134524ae498fad5af3422ea17,Thursday - July,0,0.11915888
34b077d134524ae498fad5af3422ea17,Thursday - July,4,0.22429906
34b077d134524ae498fad5af3422ea17,Thursday - July,7,0.17523365
34b077d134524ae498fad5af3422ea17,Thursday - September,16,0.6168224
34b077d134524ae498fad5af3422ea17,Thursday - September,19,0.5373832
34b077d134524ae498fad5af3422ea17,Thursday - September,12,0.33411214
34b077d134524ae498fad5af3422ea17,Thursday - September,21,0.2990654
34b077d134524ae498fad5af3422ea17,Thursday - September,0,0.07943925
34b077d134524ae498fad5af3422ea17,Thursday - September,4,0.18457943
34b077d134524ae498fad5af3422ea17,Thursday - September,7,0.023364486
34b077d134524ae498fad5af3422ea17,Thursday - November,16,0.50233644
34b077d134524ae498fad5af3422ea17,Thursday - November,19,0.49766356
34b077d134524ae498fad5af3422ea17,Thursday - November,12,0.3084112
34b077d134524ae498fad5af3422ea17,Thursday - November,21,0.19392523
34b077d134524ae498fad5af3422ea17,Thursday - November,0,0.07943925
34b077d134524ae498fad5af3422ea17,Thursday - November,4,0.18457943
34b077d134524ae498fad5af3422ea17,Thursday - November,7,0.023364486
34b077d134524ae498fad5af3422ea17,Friday - January,16,0.8271028
34b077d134524ae498fad5af3422ea17,Friday - January,12,0.43691587
34b077d134524ae498fad5af3422ea17,Friday - January,19,0.72897196
34b077d134524ae498fad5af3422ea17,Friday - January,21,0.22196262
34b077d134524ae498fad5af3422ea17,Friday - January,0,0.093457945
34b077d134524ae498fad5af3422ea17,Friday - January,4,0.32943925
34b077d134524ae498fad5af3422ea17,Friday - January,7,0.1448598
34b077d134524ae498fad5af3422ea17,Friday - March,16,0.85747665
34b077d134524ae498fad5af3422ea17,Friday - March,12,0.5046729
34b077d134524ae498fad5af3422ea17,Friday - March,19,0.75233644
34b077d134524ae498fad5af3422ea17,Friday - March,21,0.17757009
34b077d134524ae498fad5af3422ea17,Friday - March,0,0.05373832
34b077d134524ae498fad5af3422ea17,Friday - March,4,0.2897196
34b077d134524ae498fad5af3422ea17,Friday - March,7,0.16588785
34b077d134524ae498fad5af3422ea17,Friday - May,16,0.8948598
34b077d134524ae498fad5af3422ea17,Friday - May,12,0.5046729
34b077d134524ae498fad5af3422ea17,Friday - May,19,0.75
34b077d134524ae498fad5af3422ea17,Friday - May,21,0.21495327
34b077d134524ae498fad5af3422ea17,Friday - May,0,0.05373832
34b077d134524ae498fad5af3422ea17,Friday - May,4,0.2897196
34b077d134524ae498fad5af3422ea17,Friday - May,7,0.16588785
34b077d134524ae498fad5af3422ea17,Friday - July,12,0.5443925
34b077d134524ae498fad5af3422ea17,Friday - July,16,0.9579439
34b077d134524ae498fad5af3422ea17,Friday - July,19,0.7570093
34b077d134524ae498fad5af3422ea17,Friday - July,0,0.093457945
34b077d134524ae498fad5af3422ea17,Friday - July,21,0.22196262
34b077d134524ae498fad5af3422ea17,Friday - July,4,0.32943925
34b077d134524ae498fad5af3422ea17,Friday - July,7,0.20560747
34b077d134524ae498fad5af3422ea17,Friday - September,16,0.8130841
34b077d134524ae498fad5af3422ea17,Friday - September,12,0.49532712
34b077d134524ae498fad5af3422ea17,Friday - September,19,0.5420561
34b077d134524ae498fad5af3422ea17,Friday - September,0,0.10981309
34b077d134524ae498fad5af3422ea17,Friday - September,21,0.31542057
34b077d134524ae498fad5af3422ea17,Friday - September,4,0.23364486
34b077d134524ae498fad5af3422ea17,Friday - September,7,0.10514019
34b077d134524ae498fad5af3422ea17,Friday - November,12,0.39719626
34b077d134524ae498fad5af3422ea17,Friday - November,16,0.8224299
34b077d134524ae498fad5af3422ea17,Friday - November,19,0.7359813
34b077d134524ae498fad5af3422ea17,Friday - November,0,0.05373832
34b077d134524ae498fad5af3422ea17,Friday - November,21,0.21495327
34b077d134524ae498fad5af3422ea17,Friday - November,4,0.2897196
34b077d134524ae498fad5af3422ea17,Saturday - January,16,0.5864486
34b077d134524ae498fad5af3422ea17,Friday - November,7,0.10514019
34b077d134524ae498fad5af3422ea17,Saturday - January,19,0.54672897
34b077d134524ae498fad5af3422ea17,Saturday - January,12,0.32943925
34b077d134524ae498fad5af3422ea17,Saturday - January,21,0.17056075
34b077d134524ae498fad5af3422ea17,Saturday - January,0,0.06308411
34b077d134524ae498fad5af3422ea17,Saturday - January,4,0.22429906
34b077d134524ae498fad5af3422ea17,Saturday - January,7,0.11448598
34b077d134524ae498fad5af3422ea17,Saturday - March,16,0.6869159
34b077d134524ae498fad5af3422ea17,Saturday - March,19,0.567757
34b077d134524ae498fad5af3422ea17,Saturday - March,12,0.39719626
34b077d134524ae498fad5af3422ea17,Saturday - March,21,0.13084112
34b077d134524ae498fad5af3422ea17,Saturday - March,0,0.056074765
34b077d134524ae498fad5af3422ea17,Saturday - March,4,0.2406542
34b077d134524ae498fad5af3422ea17,Saturday - March,7,0.13551402
34b077d134524ae498fad5af3422ea17,Saturday - May,16,0.6542056
34b077d134524ae498fad5af3422ea17,Saturday - May,19,0.614486
34b077d134524ae498fad5af3422ea17,Saturday - May,12,0.39719626
34b077d134524ae498fad5af3422ea17,Saturday - May,21,0.1542056
34b077d134524ae498fad5af3422ea17,Saturday - May,0,0.023364486
34b077d134524ae498fad5af3422ea17,Saturday - May,4,0.2406542
34b077d134524ae498fad5af3422ea17,Saturday - May,7,0.13551402
34b077d134524ae498fad5af3422ea17,Sunday - July,16,0.5046729
34b077d134524ae498fad5af3422ea17,Sunday - July,19,0.39719626
34b077d134524ae498fad5af3422ea17,Sunday - July,12,0.3224299
34b077d134524ae498fad5af3422ea17,Sunday - July,21,0.1542056
34b077d134524ae498fad5af3422ea17,Sunday - July,0,0.093457945
34b077d134524ae498fad5af3422ea17,Sunday - July,4,0.21495327
34b077d134524ae498fad5af3422ea17,Sunday - July,7,0.1588785
34b077d134524ae498fad5af3422ea17,Monday - July,16,0.5420561
34b077d134524ae498fad5af3422ea17,Monday - July,19,0.4602804
34b077d134524ae498fad5af3422ea17,Monday - July,12,0.3901869
34b077d134524ae498fad5af3422ea17,Monday - July,21,0.10514019
34b077d134524ae498fad5af3422ea17,Monday - July,0,0.06308411
34b077d134524ae498fad5af3422ea17,Monday - July,4,0.23831776
34b077d134524ae498fad5af3422ea17,Monday - July,7,0.12850468
34b077d134524ae498fad5af3422ea17,Tuesday - July,16,0.50934577
34b077d134524ae498fad5af3422ea17,Tuesday - July,19,0.44859812
34b077d134524ae498fad5af3422ea17,Tuesday - July,12,0.29205608
34b077d134524ae498fad5af3422ea17,Tuesday - July,21,0.091121495
34b077d134524ae498fad5af3422ea17,Tuesday - July,0,0.086448595
34b077d134524ae498fad5af3422ea17,Tuesday - July,4,0.18457943
34b077d134524ae498fad5af3422ea17,Tuesday - July,7,0.12850468
34b077d134524ae498fad5af3422ea17,Wednesday - July,16,0.53971964
34b077d134524ae498fad5af3422ea17,Wednesday - July,19,0.50233644
34b077d134524ae498fad5af3422ea17,Wednesday - July,12,0.40654206
34b077d134524ae498fad5af3422ea17,Wednesday - July,21,0.1542056
34b077d134524ae498fad5af3422ea17,Wednesday - July,0,0.06308411
34b077d134524ae498fad5af3422ea17,Wednesday - July,4,0.18457943
34b077d134524ae498fad5af3422ea17,Wednesday - July,7,0.18925233
34b077d134524ae498fad5af3422ea17,Saturday - July,16,0.69392526
34b077d134524ae498fad5af3422ea17,Saturday - July,19,0.6214953
34b077d134524ae498fad5af3422ea17,Saturday - July,12,0.43691587
34b077d134524ae498fad5af3422ea17,Saturday - July,21,0.17056075
34b077d134524ae498fad5af3422ea17,Saturday - July,0,0.06308411
34b077d134524ae498fad5af3422ea17,Saturday - July,4,0.28037384
34b077d134524ae498fad5af3422ea17,Saturday - July,7,0.17523365
34b077d134524ae498fad5af3422ea17,Sunday - September,16,0.21962617
34b077d134524ae498fad5af3422ea17,Sunday - September,19,0.25467288
34b077d134524ae498fad5af3422ea17,Sunday - September,12,0.1495327
34b077d134524ae498fad5af3422ea17,Sunday - September,21,0.25700936
34b077d134524ae498fad5af3422ea17,Sunday - September,0,0.05373832
34b077d134524ae498fad5af3422ea17,Sunday - September,4,0.17523365
34b077d134524ae498fad5af3422ea17,Sunday - September,7,0.06775701
34b077d134524ae498fad5af3422ea17,Monday - September,16,0.25700936
34b077d134524ae498fad5af3422ea17,Monday - September,19,0.2990654
34b077d134524ae498fad5af3422ea17,Monday - September,12,0.18691589
34b077d134524ae498fad5af3422ea17,Monday - September,21,0.20327103
34b077d134524ae498fad5af3422ea17,Monday - September,0,0.056074765
34b077d134524ae498fad5af3422ea17,Monday - September,4,0.23130842
34b077d134524ae498fad5af3422ea17,Monday - September,7,0.037383176
34b077d134524ae498fad5af3422ea17,Tuesday - September,16,0.22897196
34b077d134524ae498fad5af3422ea17,Tuesday - September,19,0.26401868
34b077d134524ae498fad5af3422ea17,Tuesday - September,12,0.1588785
34b077d134524ae498fad5af3422ea17,Tuesday - September,21,0.18925233
34b077d134524ae498fad5af3422ea17,Tuesday - September,0,0.023364486
34b077d134524ae498fad5af3422ea17,Tuesday - September,4,0.1448598
34b077d134524ae498fad5af3422ea17,Tuesday - September,7,0.037383176
34b077d134524ae498fad5af3422ea17,Wednesday - September,16,0.2406542
34b077d134524ae498fad5af3422ea17,Wednesday - September,19,0.22897196
34b077d134524ae498fad5af3422ea17,Wednesday - September,12,0.17056075
34b077d134524ae498fad5af3422ea17,Wednesday - September,21,0.21962617
34b077d134524ae498fad5af3422ea17,Wednesday - September,0,0.023364486
34b077d134524ae498fad5af3422ea17,Wednesday - September,4,0.1448598
34b077d134524ae498fad5af3422ea17,Wednesday - September,7,0.037383176
34b077d134524ae498fad5af3422ea17,Saturday - September,16,0.5911215
34b077d134524ae498fad5af3422ea17,Saturday - September,19,0.49766356
34b077d134524ae498fad5af3422ea17,Saturday - September,7,0.10514019
34b077d134524ae498fad5af3422ea17,Saturday - September,12,0.38785046
34b077d134524ae498fad5af3422ea17,Saturday - September,21,0.32943925
34b077d134524ae498fad5af3422ea17,Saturday - September,0,0.07943925
34b077d134524ae498fad5af3422ea17,Saturday - September,4,0.18457943
34b077d134524ae498fad5af3422ea17,Sunday - November,16,0.30373833
34b077d134524ae498fad5af3422ea17,Sunday - November,19,0.28738317
34b077d134524ae498fad5af3422ea17,Sunday - November,12,0.21728972
34b077d134524ae498fad5af3422ea17,Sunday - November,21,0.0817757
34b077d134524ae498fad5af3422ea17,Sunday - November,0,0.05373832
34b077d134524ae498fad5af3422ea17,Sunday - November,4,0.17523365
34b077d134524ae498fad5af3422ea17,Sunday - November,7,0.06775701
34b077d134524ae498fad5af3422ea17,Saturday - November,16,0.58411217
34b077d134524ae498fad5af3422ea17,Saturday - November,12,0.2897196
34b077d134524ae498fad5af3422ea17,Saturday - November,19,0.58411217
34b077d134524ae498fad5af3422ea17,Saturday - November,0,0.023364486
34b077d134524ae498fad5af3422ea17,Saturday - November,21,0.1682243
34b077d134524ae498fad5af3422ea17,Saturday - November,4,0.2406542
34b077d134524ae498fad5af3422ea17,Sunday - January,12,0.23831776
34b077d134524ae498fad5af3422ea17,Saturday - November,7,0.07476635
34b077d134524ae498fad5af3422ea17,Sunday - January,16,0.317757
34b077d134524ae498fad5af3422ea17,Sunday - January,19,0.26635513
34b077d134524ae498fad5af3422ea17,Sunday - January,21,0.12149533
34b077d134524ae498fad5af3422ea17,Sunday - January,0,0.093457945
34b077d134524ae498fad5af3422ea17,Sunday - January,4,0.21495327
34b077d134524ae498fad5af3422ea17,Sunday - January,7,0.10747664
34b077d134524ae498fad5af3422ea17,Monday - January,12,0.29439253
34b077d134524ae498fad5af3422ea17,Monday - January,16,0.35747662
34b077d134524ae498fad5af3422ea17,Monday - January,19,0.4228972
34b077d134524ae498fad5af3422ea17,Monday - January,21,0.10514019
34b077d134524ae498fad5af3422ea17,Monday - January,0,0.06308411
34b077d134524ae498fad5af3422ea17,Monday - January,4,0.23831776
34b077d134524ae498fad5af3422ea17,Monday - January,7,0.0771028
34b077d134524ae498fad5af3422ea17,Tuesday - January,12,0.19626169
34b077d134524ae498fad5af3422ea17,Tuesday - January,16,0.23598132
34b077d134524ae498fad5af3422ea17,Tuesday - January,19,0.19859813
34b077d134524ae498fad5af3422ea17,Tuesday - January,21,0.091121495
34b077d134524ae498fad5af3422ea17,Tuesday - January,0,0.06308411
34b077d134524ae498fad5af3422ea17,Tuesday - January,4,0.18457943
34b077d134524ae498fad5af3422ea17,Tuesday - January,7,0.0771028
34b077d134524ae498fad5af3422ea17,Wednesday - January,12,0.23831776
34b077d134524ae498fad5af3422ea17,Wednesday - January,16,0.34813085
34b077d134524ae498fad5af3422ea17,Wednesday - January,19,0.31074765
34b077d134524ae498fad5af3422ea17,Wednesday - January,21,0.1542056
34b077d134524ae498fad5af3422ea17,Wednesday - January,0,0.11915888
34b077d134524ae498fad5af3422ea17,Wednesday - January,4,0.18457943
34b077d134524ae498fad5af3422ea17,Wednesday - January,7,0.0771028
34b077d134524ae498fad5af3422ea17,Sunday - March,12,0.18691589
34b077d134524ae498fad5af3422ea17,Sunday - March,16,0.18457943
34b077d134524ae498fad5af3422ea17,Sunday - March,19,0.15654206
34b077d134524ae498fad5af3422ea17,Sunday - March,21,0.0817757
34b077d134524ae498fad5af3422ea17,Sunday - March,0,0.05373832
34b077d134524ae498fad5af3422ea17,Sunday - March,4,0.10514019
34b077d134524ae498fad5af3422ea17,Sunday - March,7,0.06775701
34b077d134524ae498fad5af3422ea17,Monday - March,12,0.26635513
34b077d134524ae498fad5af3422ea17,Monday - March,16,0.26401868
34b077d134524ae498fad5af3422ea17,Monday - March,19,0.25700936
34b077d134524ae498fad5af3422ea17,Monday - March,21,0.06542056
34b077d134524ae498fad5af3422ea17,Monday - March,0,0.023364486
34b077d134524ae498fad5af3422ea17,Monday - March,4,0.19859813
34b077d134524ae498fad5af3422ea17,Monday - March,7,0.037383176
34b077d134524ae498fad5af3422ea17,Tuesday - March,12,0.15654206
34b077d134524ae498fad5af3422ea17,Tuesday - March,16,0.23598132
34b077d134524ae498fad5af3422ea17,Tuesday - March,19,0.2453271
34b077d134524ae498fad5af3422ea17,Tuesday - March,21,0.05140187
34b077d134524ae498fad5af3422ea17,Tuesday - March,0,0.023364486
34b077d134524ae498fad5af3422ea17,Tuesday - March,4,0.1448598
34b077d134524ae498fad5af3422ea17,Tuesday - March,7,0.037383176
34b077d134524ae498fad5af3422ea17,Wednesday - March,12,0.2593458
34b077d134524ae498fad5af3422ea17,Wednesday - March,16,0.36682242
34b077d134524ae498fad5af3422ea17,Wednesday - March,19,0.32476637
34b077d134524ae498fad5af3422ea17,Wednesday - March,21,0.11448598
34b077d134524ae498fad5af3422ea17,Wednesday - March,0,0.023364486
34b077d134524ae498fad5af3422ea17,Wednesday - March,4,0.1448598
34b077d134524ae498fad5af3422ea17,Wednesday - March,7,0.098130845
34b077d134524ae498fad5af3422ea17,Sunday - May,12,0.18691589
34b077d134524ae498fad5af3422ea17,Sunday - May,16,0.28738317
34b077d134524ae498fad5af3422ea17,Sunday - May,19,0.22663552
34b077d134524ae498fad5af3422ea17,Sunday - May,21,0.11448598
34b077d134524ae498fad5af3422ea17,Sunday - May,0,0.05373832
34b077d134524ae498fad5af3422ea17,Sunday - May,4,0.17523365
34b077d134524ae498fad5af3422ea17,Sunday - May,7,0.06775701
34b077d134524ae498fad5af3422ea17,Monday - May,12,0.22429906
34b077d134524ae498fad5af3422ea17,Monday - May,16,0.34345794
34b077d134524ae498fad5af3422ea17,Monday - May,19,0.22663552
34b077d134524ae498fad5af3422ea17,Monday - May,21,0.06542056
34b077d134524ae498fad5af3422ea17,Monday - May,0,0.023364486
34b077d134524ae498fad5af3422ea17,Monday - May,4,0.19859813
34b077d134524ae498fad5af3422ea17,Monday - May,7,0.037383176
34b077d134524ae498fad5af3422ea17,Tuesday - May,12,0.19859813
34b077d134524ae498fad5af3422ea17,Tuesday - May,16,0.23598132
34b077d134524ae498fad5af3422ea17,Tuesday - May,19,0.22897196
34b077d134524ae498fad5af3422ea17,Tuesday - May,21,0.05140187
34b077d134524ae498fad5af3422ea17,Tuesday - May,0,0.023364486
34b077d134524ae498fad5af3422ea17,Tuesday - May,4,0.1448598
34b077d134524ae498fad5af3422ea17,Tuesday - May,7,0.037383176
34b077d134524ae498fad5af3422ea17,Wednesday - May,12,0.2593458
34b077d134524ae498fad5af3422ea17,Wednesday - May,16,0.3411215
34b077d134524ae498fad5af3422ea17,Wednesday - May,19,0.36448598
34b077d134524ae498fad5af3422ea17,Wednesday - May,21,0.11448598
34b077d134524ae498fad5af3422ea17,Wednesday - May,0,0.023364486
34b077d134524ae498fad5af3422ea17,Wednesday - May,4,0.1448598
34b077d134524ae498fad5af3422ea17,Wednesday - May,7,0.098130845
34b077d134524ae498fad5af3422ea17,Monday - November,12,0.22429906
34b077d134524ae498fad5af3422ea17,Monday - November,16,0.27803737
34b077d134524ae498fad5af3422ea17,Monday - November,19,0.22663552
34b077d134524ae498fad5af3422ea17,Monday - November,21,0.06542056
34b077d134524ae498fad5af3422ea17,Monday - November,0,0.023364486
34b077d134524ae498fad5af3422ea17,Monday - November,4,0.19859813
34b077d134524ae498fad5af3422ea17,Monday - November,7,0.037383176
34b077d134524ae498fad5af3422ea17,Tuesday - November,12,0.18691589
34b077d134524ae498fad5af3422ea17,Tuesday - November,16,0.25
34b077d134524ae498fad5af3422ea17,Tuesday - November,19,0.22897196
34b077d134524ae498fad5af3422ea17,Tuesday - November,21,0.05140187
34b077d134524ae498fad5af3422ea17,Tuesday - November,0,0.023364486
34b077d134524ae498fad5af3422ea17,Tuesday - November,4,0.1448598
34b077d134524ae498fad5af3422ea17,Tuesday - November,7,0.037383176
34b077d134524ae498fad5af3422ea17,Wednesday - November,12,0.19859813
34b077d134524ae498fad5af3422ea17,Wednesday - November,16,0.24766356
34b077d134524ae498fad5af3422ea17,Wednesday - November,19,0.27102804
34b077d134524ae498fad5af3422ea17,Wednesday - November,21,0.0817757
34b077d134524ae498fad5af3422ea17,Wednesday - November,0,0.023364486
34b077d134524ae498fad5af3422ea17,Wednesday - November,4,0.1448598
34b077d134524ae498fad5af3422ea17,Wednesday - November,7,0.037383176
c2718533cb2c4fad93ac190bd057052c,Friday - January,16,0.63084114
c2718533cb2c4fad93ac190bd057052c,Friday - January,19,0.5373832
c2718533cb2c4fad93ac190bd057052c,Friday - January,12,0.42523363
c2718533cb2c4fad93ac190bd057052c,Friday - January,21,0.35280374
c2718533cb2c4fad93ac190bd057052c,Friday - January,0,0.07009346
c2718533cb2c4fad93ac190bd057052c,Friday - January,4,0.15654206
c2718533cb2c4fad93ac190bd057052c,Friday - January,7,0.34579438
c2718533cb2c4fad93ac190bd057052c,Friday - March,16,0.92990655
c2718533cb2c4fad93ac190bd057052c,Friday - March,19,0.61915886
c2718533cb2c4fad93ac190bd057052c,Friday - March,12,0.67990655
c2718533cb2c4fad93ac190bd057052c,Friday - March,21,0.43457943
c2718533cb2c4fad93ac190bd057052c,Friday - March,0,0.15186916
c2718533cb2c4fad93ac190bd057052c,Friday - March,4,0.23831776
c2718533cb2c4fad93ac190bd057052c,Friday - March,7,0.5630841
c2718533cb2c4fad93ac190bd057052c,Thursday - May,16,0.9392523
c2718533cb2c4fad93ac190bd057052c,Thursday - May,12,0.61214954
c2718533cb2c4fad93ac190bd057052c,Thursday - May,19,0.5864486
c2718533cb2c4fad93ac190bd057052c,Thursday - May,21,0.28738317
c2718533cb2c4fad93ac190bd057052c,Thursday - May,0,0.14018692
c2718533cb2c4fad93ac190bd057052c,Thursday - May,4,0.23130842
c2718533cb2c4fad93ac190bd057052c,Thursday - May,7,0.4228972
c2718533cb2c4fad93ac190bd057052c,Friday - May,16,1
c2718533cb2c4fad93ac190bd057052c,Friday - May,19,0.61915886
c2718533cb2c4fad93ac190bd057052c,Friday - May,12,0.67990655
c2718533cb2c4fad93ac190bd057052c,Friday - May,21,0.43457943
c2718533cb2c4fad93ac190bd057052c,Friday - May,0,0.15186916
c2718533cb2c4fad93ac190bd057052c,Friday - May,4,0.28738317
c2718533cb2c4fad93ac190bd057052c,Friday - May,7,0.63785046
c2718533cb2c4fad93ac190bd057052c,Thursday - July,16,0.9859813
c2718533cb2c4fad93ac190bd057052c,Thursday - July,12,0.5630841
c2718533cb2c4fad93ac190bd057052c,Thursday - July,19,0.6775701
c2718533cb2c4fad93ac190bd057052c,Thursday - July,21,0.39252338
c2718533cb2c4fad93ac190bd057052c,Thursday - July,0,0.17990655
c2718533cb2c4fad93ac190bd057052c,Thursday - July,4,0.27102804
c2718533cb2c4fad93ac190bd057052c,Thursday - July,7,0.46261683
c2718533cb2c4fad93ac190bd057052c,Friday - July,16,0.9953271
c2718533cb2c4fad93ac190bd057052c,Friday - July,19,0.60280377
c2718533cb2c4fad93ac190bd057052c,Friday - July,12,0.68457943
c2718533cb2c4fad93ac190bd057052c,Friday - July,21,0.4182243
c2718533cb2c4fad93ac190bd057052c,Friday - July,0,0.12850468
c2718533cb2c4fad93ac190bd057052c,Friday - July,4,0.26401868
c2718533cb2c4fad93ac190bd057052c,Friday - July,7,0.6401869
c2718533cb2c4fad93ac190bd057052c,Saturday - July,16,0.74766356
c2718533cb2c4fad93ac190bd057052c,Saturday - July,19,0.39252338
c2718533cb2c4fad93ac190bd057052c,Saturday - July,12,0.49532712
c2718533cb2c4fad93ac190bd057052c,Saturday - July,21,0.24766356
c2718533cb2c4fad93ac190bd057052c,Saturday - July,0,0.12850468
c2718533cb2c4fad93ac190bd057052c,Saturday - July,4,0.19158879
c2718533cb2c4fad93ac190bd057052c,Saturday - July,7,0.5630841
c2718533cb2c4fad93ac190bd057052c,Thursday - September,16,0.63084114
c2718533cb2c4fad93ac190bd057052c,Thursday - September,19,0.53271025
c2718533cb2c4fad93ac190bd057052c,Thursday - September,21,0.4228972
c2718533cb2c4fad93ac190bd057052c,Thursday - September,0,0.18224299
c2718533cb2c4fad93ac190bd057052c,Thursday - September,4,0.11448598
c2718533cb2c4fad93ac190bd057052c,Thursday - September,7,0.30140188
c2718533cb2c4fad93ac190bd057052c,Thursday - September,12,0.36448598
c2718533cb2c4fad93ac190bd057052c,Friday - September,16,0.8107477
c2718533cb2c4fad93ac190bd057052c,Friday - September,19,0.61915886
c2718533cb2c4fad93ac190bd057052c,Friday - September,21,0.4275701
c2718533cb2c4fad93ac190bd057052c,Friday - September,0,0.26635513
c2718533cb2c4fad93ac190bd057052c,Friday - September,4,0.12850468
c2718533cb2c4fad93ac190bd057052c,Friday - September,7,0.51635516
c2718533cb2c4fad93ac190bd057052c,Friday - September,12,0.5070093
c2718533cb2c4fad93ac190bd057052c,Friday - November,16,0.7920561
c2718533cb2c4fad93ac190bd057052c,Friday - November,19,0.5
c2718533cb2c4fad93ac190bd057052c,Friday - November,21,0.30373833
c2718533cb2c4fad93ac190bd057052c,Friday - November,12,0.5140187
c2718533cb2c4fad93ac190bd057052c,Friday - November,0,0.07009346
c2718533cb2c4fad93ac190bd057052c,Friday - November,4,0.15654206
c2718533cb2c4fad93ac190bd057052c,Friday - November,7,0.42056075
c2718533cb2c4fad93ac190bd057052c,Sunday - March,12,0.20560747
c2718533cb2c4fad93ac190bd057052c,Sunday - March,16,0.2593458
c2718533cb2c4fad93ac190bd057052c,Sunday - March,19,0.12149533
c2718533cb2c4fad93ac190bd057052c,Sunday - March,21,0.12149533
c2718533cb2c4fad93ac190bd057052c,Sunday - March,0,0.0817757
c2718533cb2c4fad93ac190bd057052c,Sunday - March,4,0.12149533
c2718533cb2c4fad93ac190bd057052c,Sunday - March,7,0.15654206
c2718533cb2c4fad93ac190bd057052c,Monday - March,12,0.18224299
c2718533cb2c4fad93ac190bd057052c,Monday - March,16,0.26635513
c2718533cb2c4fad93ac190bd057052c,Monday - March,19,0.1588785
c2718533cb2c4fad93ac190bd057052c,Monday - March,21,0.1588785
c2718533cb2c4fad93ac190bd057052c,Monday - March,0,0.0817757
c2718533cb2c4fad93ac190bd057052c,Monday - March,4,0.12149533
c2718533cb2c4fad93ac190bd057052c,Monday - March,7,0.15654206
c2718533cb2c4fad93ac190bd057052c,Tuesday - March,12,0.1682243
c2718533cb2c4fad93ac190bd057052c,Tuesday - March,16,0.28037384
c2718533cb2c4fad93ac190bd057052c,Tuesday - March,19,0.11915888
c2718533cb2c4fad93ac190bd057052c,Tuesday - March,21,0.11915888
c2718533cb2c4fad93ac190bd057052c,Tuesday - March,0,0.11448598
c2718533cb2c4fad93ac190bd057052c,Tuesday - March,4,0.0817757
c2718533cb2c4fad93ac190bd057052c,Tuesday - March,7,0.15654206
c2718533cb2c4fad93ac190bd057052c,Wednesday - March,12,0.27803737
c2718533cb2c4fad93ac190bd057052c,Wednesday - March,16,0.42990655
c2718533cb2c4fad93ac190bd057052c,Wednesday - March,19,0.31074765
c2718533cb2c4fad93ac190bd057052c,Wednesday - March,21,0.23598132
c2718533cb2c4fad93ac190bd057052c,Wednesday - March,0,0.0817757
c2718533cb2c4fad93ac190bd057052c,Wednesday - March,4,0.12149533
c2718533cb2c4fad93ac190bd057052c,Wednesday - March,7,0.15654206
c2718533cb2c4fad93ac190bd057052c,Thursday - March,12,0.5607477
c2718533cb2c4fad93ac190bd057052c,Thursday - March,16,0.6869159
c2718533cb2c4fad93ac190bd057052c,Thursday - March,19,0.47663552
c2718533cb2c4fad93ac190bd057052c,Thursday - March,21,0.24766356
c2718533cb2c4fad93ac190bd057052c,Thursday - March,0,0.14018692
c2718533cb2c4fad93ac190bd057052c,Thursday - March,4,0.14252336
c2718533cb2c4fad93ac190bd057052c,Thursday - March,7,0.3504673
c2718533cb2c4fad93ac190bd057052c,Saturday - March,12,0.5771028
c2718533cb2c4fad93ac190bd057052c,Saturday - March,16,0.7056075
c2718533cb2c4fad93ac190bd057052c,Saturday - March,21,0.32009345
c2718533cb2c4fad93ac190bd057052c,Saturday - March,0,0.12850468
c2718533cb2c4fad93ac190bd057052c,Saturday - March,4,0.21261682
c2718533cb2c4fad93ac190bd057052c,Saturday - March,7,0.55607474
c2718533cb2c4fad93ac190bd057052c,Saturday - March,19,0.44392523
c2718533cb2c4fad93ac190bd057052c,Sunday - May,12,0.23598132
c2718533cb2c4fad93ac190bd057052c,Sunday - May,16,0.2897196
c2718533cb2c4fad93ac190bd057052c,Sunday - May,19,0.18457943
c2718533cb2c4fad93ac190bd057052c,Sunday - May,21,0.15186916
c2718533cb2c4fad93ac190bd057052c,Sunday - May,0,0.0817757
c2718533cb2c4fad93ac190bd057052c,Sunday - May,4,0.12149533
c2718533cb2c4fad93ac190bd057052c,Sunday - May,7,0.18691589
c2718533cb2c4fad93ac190bd057052c,Monday - May,12,0.21261682
c2718533cb2c4fad93ac190bd057052c,Monday - May,16,0.3271028
c2718533cb2c4fad93ac190bd057052c,Monday - May,19,0.22196262
c2718533cb2c4fad93ac190bd057052c,Monday - May,21,0.18925233
c2718533cb2c4fad93ac190bd057052c,Monday - May,0,0.0817757
c2718533cb2c4fad93ac190bd057052c,Monday - May,4,0.12149533
c2718533cb2c4fad93ac190bd057052c,Monday - May,7,0.18691589
c2718533cb2c4fad93ac190bd057052c,Tuesday - May,12,0.21261682
c2718533cb2c4fad93ac190bd057052c,Tuesday - May,16,0.36682242
c2718533cb2c4fad93ac190bd057052c,Tuesday - May,19,0.22196262
c2718533cb2c4fad93ac190bd057052c,Tuesday - May,21,0.18925233
c2718533cb2c4fad93ac190bd057052c,Tuesday - May,0,0.0817757
c2718533cb2c4fad93ac190bd057052c,Tuesday - May,4,0.12149533
c2718533cb2c4fad93ac190bd057052c,Tuesday - May,7,0.18691589
c2718533cb2c4fad93ac190bd057052c,Wednesday - May,12,0.31074765
c2718533cb2c4fad93ac190bd057052c,Wednesday - May,16,0.5
c2718533cb2c4fad93ac190bd057052c,Wednesday - May,19,0.33411214
c2718533cb2c4fad93ac190bd057052c,Wednesday - May,21,0.18925233
c2718533cb2c4fad93ac190bd057052c,Wednesday - May,0,0.0817757
c2718533cb2c4fad93ac190bd057052c,Wednesday - May,4,0.17056075
c2718533cb2c4fad93ac190bd057052c,Wednesday - May,7,0.23598132
c2718533cb2c4fad93ac190bd057052c,Saturday - May,12,0.5233645
c2718533cb2c4fad93ac190bd057052c,Saturday - May,16,0.72897196
c2718533cb2c4fad93ac190bd057052c,Saturday - May,21,0.3504673
c2718533cb2c4fad93ac190bd057052c,Saturday - May,0,0.12850468
c2718533cb2c4fad93ac190bd057052c,Saturday - May,4,0.26168224
c2718533cb2c4fad93ac190bd057052c,Saturday - May,7,0.55140185
c2718533cb2c4fad93ac190bd057052c,Saturday - May,19,0.47429907
c2718533cb2c4fad93ac190bd057052c,Sunday - July,12,0.36915886
c2718533cb2c4fad93ac190bd057052c,Sunday - July,16,0.59345794
c2718533cb2c4fad93ac190bd057052c,Sunday - July,19,0.35280374
c2718533cb2c4fad93ac190bd057052c,Sunday - July,21,0.27102804
c2718533cb2c4fad93ac190bd057052c,Sunday - July,0,0.17990655
c2718533cb2c4fad93ac190bd057052c,Sunday - July,4,0.2686916
c2718533cb2c4fad93ac190bd057052c,Sunday - July,7,0.42990655
c2718533cb2c4fad93ac190bd057052c,Monday - July,12,0.31542057
c2718533cb2c4fad93ac190bd057052c,Monday - July,16,0.60046726
c2718533cb2c4fad93ac190bd057052c,Monday - July,19,0.3598131
c2718533cb2c4fad93ac190bd057052c,Monday - July,21,0.27803737
c2718533cb2c4fad93ac190bd057052c,Monday - July,0,0.18224299
c2718533cb2c4fad93ac190bd057052c,Monday - July,4,0.23831776
c2718533cb2c4fad93ac190bd057052c,Monday - July,7,0.3995327
c2718533cb2c4fad93ac190bd057052c,Tuesday - July,12,0.31542057
c2718533cb2c4fad93ac190bd057052c,Tuesday - July,16,0.6542056
c2718533cb2c4fad93ac190bd057052c,Tuesday - July,19,0.3901869
c2718533cb2c4fad93ac190bd057052c,Tuesday - July,21,0.3224299
c2718533cb2c4fad93ac190bd057052c,Tuesday - July,0,0.1495327
c2718533cb2c4fad93ac190bd057052c,Tuesday - July,4,0.23831776
c2718533cb2c4fad93ac190bd057052c,Tuesday - July,7,0.3995327
c2718533cb2c4fad93ac190bd057052c,Wednesday - July,12,0.4135514
c2718533cb2c4fad93ac190bd057052c,Wednesday - July,16,0.7920561
c2718533cb2c4fad93ac190bd057052c,Wednesday - July,19,0.50233644
c2718533cb2c4fad93ac190bd057052c,Wednesday - July,21,0.3224299
c2718533cb2c4fad93ac190bd057052c,Wednesday - July,0,0.1495327
c2718533cb2c4fad93ac190bd057052c,Wednesday - July,4,0.23831776
c2718533cb2c4fad93ac190bd057052c,Wednesday - July,7,0.4088785
c2718533cb2c4fad93ac190bd057052c,Sunday - January,16,0.10747664
c2718533cb2c4fad93ac190bd057052c,Sunday - January,21,0.0771028
c2718533cb2c4fad93ac190bd057052c,Sunday - January,12,0.05373832
c2718533cb2c4fad93ac190bd057052c,Sunday - January,19,0.030373832
c2718533cb2c4fad93ac190bd057052c,Sunday - January,0,0.030373832
c2718533cb2c4fad93ac190bd057052c,Sunday - January,4,0.030373832
c2718533cb2c4fad93ac190bd057052c,Sunday - January,7,0.030373832
c2718533cb2c4fad93ac190bd057052c,Monday - January,16,0.10981309
c2718533cb2c4fad93ac190bd057052c,Monday - January,12,0.0023364485
c2718533cb2c4fad93ac190bd057052c,Monday - January,19,0.0771028
c2718533cb2c4fad93ac190bd057052c,Monday - January,21,0.12383178
c2718533cb2c4fad93ac190bd057052c,Monday - January,4,0.039719626
c2718533cb2c4fad93ac190bd057052c,Monday - January,7,0.009345794
c2718533cb2c4fad93ac190bd057052c,Monday - January,0,0
c2718533cb2c4fad93ac190bd057052c,Tuesday - January,16,0.10981309
c2718533cb2c4fad93ac190bd057052c,Tuesday - January,19,0.037383176
c2718533cb2c4fad93ac190bd057052c,Tuesday - January,21,0.037383176
c2718533cb2c4fad93ac190bd057052c,Tuesday - January,0,0
c2718533cb2c4fad93ac190bd057052c,Tuesday - January,4,0
c2718533cb2c4fad93ac190bd057052c,Tuesday - January,7,0
c2718533cb2c4fad93ac190bd057052c,Wednesday - January,16,0.18457943
c2718533cb2c4fad93ac190bd057052c,Wednesday - January,12,0.014018691
c2718533cb2c4fad93ac190bd057052c,Wednesday - January,19,0.14018692
c2718533cb2c4fad93ac190bd057052c,Wednesday - January,21,0.10747664
c2718533cb2c4fad93ac190bd057052c,Wednesday - January,4,0.039719626
c2718533cb2c4fad93ac190bd057052c,Wednesday - January,0,0
c2718533cb2c4fad93ac190bd057052c,Wednesday - January,7,0
c2718533cb2c4fad93ac190bd057052c,Sunday - September,19,0.20560747
c2718533cb2c4fad93ac190bd057052c,Sunday - September,16,0.17289719
c2718533cb2c4fad93ac190bd057052c,Sunday - September,21,0.11214953
c2718533cb2c4fad93ac190bd057052c,Sunday - September,0,0.042056076
c2718533cb2c4fad93ac190bd057052c,Sunday - September,4,0.11915888
c2718533cb2c4fad93ac190bd057052c,Sunday - September,7,0.14252336
c2718533cb2c4fad93ac190bd057052c,Sunday - September,12,0.11448598
c2718533cb2c4fad93ac190bd057052c,Monday - September,19,0.24299066
c2718533cb2c4fad93ac190bd057052c,Monday - September,16,0.19626169
c2718533cb2c4fad93ac190bd057052c,Monday - September,21,0.11214953
c2718533cb2c4fad93ac190bd057052c,Monday - September,0,0.042056076
c2718533cb2c4fad93ac190bd057052c,Monday - September,4,0.091121495
c2718533cb2c4fad93ac190bd057052c,Monday - September,7,0.14252336
c2718533cb2c4fad93ac190bd057052c,Monday - September,12,0.091121495
c2718533cb2c4fad93ac190bd057052c,Tuesday - September,19,0.27570093
c2718533cb2c4fad93ac190bd057052c,Tuesday - September,16,0.22196262
c2718533cb2c4fad93ac190bd057052c,Tuesday - September,21,0.1448598
c2718533cb2c4fad93ac190bd057052c,Tuesday - September,0,0.042056076
c2718533cb2c4fad93ac190bd057052c,Tuesday - September,4,0.0817757
c2718533cb2c4fad93ac190bd057052c,Tuesday - September,7,0.14252336
c2718533cb2c4fad93ac190bd057052c,Tuesday - September,12,0.091121495
c2718533cb2c4fad93ac190bd057052c,Wednesday - September,19,0.30607477
c2718533cb2c4fad93ac190bd057052c,Wednesday - September,16,0.28037384
c2718533cb2c4fad93ac190bd057052c,Wednesday - September,21,0.2453271
c2718533cb2c4fad93ac190bd057052c,Wednesday - September,0,0.11214953
c2718533cb2c4fad93ac190bd057052c,Wednesday - September,4,0.0817757
c2718533cb2c4fad93ac190bd057052c,Wednesday - September,7,0.14252336
c2718533cb2c4fad93ac190bd057052c,Wednesday - September,12,0.1448598
c2718533cb2c4fad93ac190bd057052c,Sunday - November,16,0.1542056
c2718533cb2c4fad93ac190bd057052c,Sunday - November,12,0.08411215
c2718533cb2c4fad93ac190bd057052c,Sunday - November,21,0.0817757
c2718533cb2c4fad93ac190bd057052c,Sunday - November,19,0.06775701
c2718533cb2c4fad93ac190bd057052c,Sunday - November,4,0.06775701
c2718533cb2c4fad93ac190bd057052c,Sunday - November,0,0.060747664
c2718533cb2c4fad93ac190bd057052c,Sunday - November,7,0.028037382
c2718533cb2c4fad93ac190bd057052c,Monday - November,16,0.19158879
c2718533cb2c4fad93ac190bd057052c,Monday - November,21,0.11915888
c2718533cb2c4fad93ac190bd057052c,Monday - November,12,0.056074765
c2718533cb2c4fad93ac190bd057052c,Monday - November,19,0.10514019
c2718533cb2c4fad93ac190bd057052c,Monday - November,4,0.06775701
c2718533cb2c4fad93ac190bd057052c,Monday - November,0,0.028037382
c2718533cb2c4fad93ac190bd057052c,Monday - November,7,0.028037382
c2718533cb2c4fad93ac190bd057052c,Tuesday - November,16,0.22196262
c2718533cb2c4fad93ac190bd057052c,Tuesday - November,21,0.1495327
c2718533cb2c4fad93ac190bd057052c,Tuesday - November,12,0.030373832
c2718533cb2c4fad93ac190bd057052c,Tuesday - November,19,0.13551402
c2718533cb2c4fad93ac190bd057052c,Tuesday - November,4,0.06775701
c2718533cb2c4fad93ac190bd057052c,Tuesday - November,0,0.028037382
c2718533cb2c4fad93ac190bd057052c,Tuesday - November,7,0.028037382
c2718533cb2c4fad93ac190bd057052c,Wednesday - November,16,0.3271028
c2718533cb2c4fad93ac190bd057052c,Wednesday - November,21,0.19626169
c2718533cb2c4fad93ac190bd057052c,Wednesday - November,12,0.088785045
c2718533cb2c4fad93ac190bd057052c,Wednesday - November,19,0.21495327
c2718533cb2c4fad93ac190bd057052c,Wednesday - November,4,0.06775701
c2718533cb2c4fad93ac190bd057052c,Wednesday - November,0,0.028037382
c2718533cb2c4fad93ac190bd057052c,Wednesday - November,7,0.028037382
c2718533cb2c4fad93ac190bd057052c,Saturday - September,19,0.47897196
c2718533cb2c4fad93ac190bd057052c,Saturday - September,16,0.6168224
c2718533cb2c4fad93ac190bd057052c,Saturday - September,21,0.3224299
c2718533cb2c4fad93ac190bd057052c,Saturday - September,0,0.24299066
c2718533cb2c4fad93ac190bd057052c,Saturday - September,4,0.12850468
c2718533cb2c4fad93ac190bd057052c,Saturday - September,7,0.4228972
c2718533cb2c4fad93ac190bd057052c,Saturday - September,12,0.3901869
c2718533cb2c4fad93ac190bd057052c,Saturday - November,16,0.44859812
c2718533cb2c4fad93ac190bd057052c,Saturday - November,19,0.3411215
c2718533cb2c4fad93ac190bd057052c,Saturday - November,21,0.20560747
c2718533cb2c4fad93ac190bd057052c,Saturday - November,12,0.31074765
c2718533cb2c4fad93ac190bd057052c,Saturday - November,0,0.046728972
c2718533cb2c4fad93ac190bd057052c,Saturday - November,4,0.13084112
c2718533cb2c4fad93ac190bd057052c,Saturday - November,7,0.3598131
c2718533cb2c4fad93ac190bd057052c,Saturday - January,16,0.47663552
c2718533cb2c4fad93ac190bd057052c,Saturday - January,19,0.35747662
c2718533cb2c4fad93ac190bd057052c,Saturday - January,12,0.317757
c2718533cb2c4fad93ac190bd057052c,Saturday - January,21,0.19158879
c2718533cb2c4fad93ac190bd057052c,Saturday - January,0,0.046728972
c2718533cb2c4fad93ac190bd057052c,Saturday - January,4,0.10046729
c2718533cb2c4fad93ac190bd057052c,Saturday - January,7,0.33411214
c2718533cb2c4fad93ac190bd057052c,Thursday - November,16,0.58411217
c2718533cb2c4fad93ac190bd057052c,Thursday - November,21,0.21962617
c2718533cb2c4fad93ac190bd057052c,Thursday - November,12,0.4182243
c2718533cb2c4fad93ac190bd057052c,Thursday - November,19,0.40186915
c2718533cb2c4fad93ac190bd057052c,Thursday - November,0,0.058411215
c2718533cb2c4fad93ac190bd057052c,Thursday - November,7,0.19392523
c2718533cb2c4fad93ac190bd057052c,Thursday - November,4,0.10046729
c2718533cb2c4fad93ac190bd057052c,Thursday - January,16,0.47897196
c2718533cb2c4fad93ac190bd057052c,Thursday - January,12,0.2897196
c2718533cb2c4fad93ac190bd057052c,Thursday - January,19,0.36448598
c2718533cb2c4fad93ac190bd057052c,Thursday - January,21,0.20560747
c2718533cb2c4fad93ac190bd057052c,Thursday - January,0,0.091121495
c2718533cb2c4fad93ac190bd057052c,Thursday - January,7,0.14018692
c2718533cb2c4fad93ac190bd057052c,Thursday - January,4,0.10046729
b279738fb9a444e49c69173a9379c137,Sunday - March,19,0.1495327
b279738fb9a444e49c69173a9379c137,Sunday - March,0,0.01635514
b279738fb9a444e49c69173a9379c137,Monday - March,0,0.01635514
b279738fb9a444e49c69173a9379c137,Tuesday - March,21,0.049065422
b279738fb9a444e49c69173a9379c137,Tuesday - March,0,0.01635514
b279738fb9a444e49c69173a9379c137,Wednesday - March,0,0.01635514
b279738fb9a444e49c69173a9379c137,Wednesday - March,21,0.049065422
b279738fb9a444e49c69173a9379c137,Sunday - May,19,0.12616822
b279738fb9a444e49c69173a9379c137,Sunday - May,0,0.01635514
b279738fb9a444e49c69173a9379c137,Sunday - May,21,0.049065422
b279738fb9a444e49c69173a9379c137,Monday - May,0,0.01635514
b279738fb9a444e49c69173a9379c137,Tuesday - May,0,0.01635514
b279738fb9a444e49c69173a9379c137,Wednesday - May,21,0.10046729
b279738fb9a444e49c69173a9379c137,Wednesday - May,0,0.01635514
b279738fb9a444e49c69173a9379c137,Tuesday - September,19,0.10514019
b279738fb9a444e49c69173a9379c137,Tuesday - September,21,0.0724299
b279738fb9a444e49c69173a9379c137,Tuesday - September,0,0.0724299
b279738fb9a444e49c69173a9379c137,Sunday - March,16,0.21495327
b279738fb9a444e49c69173a9379c137,Sunday - March,4,0.060747664
b279738fb9a444e49c69173a9379c137,Sunday - March,7,0.14252336
b279738fb9a444e49c69173a9379c137,Sunday - March,12,0.10046729
b279738fb9a444e49c69173a9379c137,Sunday - March,21,0.0817757
b279738fb9a444e49c69173a9379c137,Monday - March,16,0.32476637
b279738fb9a444e49c69173a9379c137,Monday - March,19,0.18691589
b279738fb9a444e49c69173a9379c137,Monday - March,4,0.060747664
b279738fb9a444e49c69173a9379c137,Monday - March,7,0.18457943
b279738fb9a444e49c69173a9379c137,Monday - March,12,0.10046729
b279738fb9a444e49c69173a9379c137,Monday - March,21,0.098130845
b279738fb9a444e49c69173a9379c137,Tuesday - March,16,0.27102804
b279738fb9a444e49c69173a9379c137,Tuesday - March,19,0.1635514
b279738fb9a444e49c69173a9379c137,Tuesday - March,4,0.060747664
b279738fb9a444e49c69173a9379c137,Tuesday - March,7,0.18457943
b279738fb9a444e49c69173a9379c137,Tuesday - March,12,0.10046729
b279738fb9a444e49c69173a9379c137,Wednesday - March,16,0.3598131
b279738fb9a444e49c69173a9379c137,Wednesday - March,19,0.1635514
b279738fb9a444e49c69173a9379c137,Wednesday - March,4,0.060747664
b279738fb9a444e49c69173a9379c137,Wednesday - March,7,0.2453271
b279738fb9a444e49c69173a9379c137,Wednesday - March,12,0.16121495
b279738fb9a444e49c69173a9379c137,Sunday - May,16,0.25700936
b279738fb9a444e49c69173a9379c137,Sunday - May,4,0.060747664
b279738fb9a444e49c69173a9379c137,Sunday - May,7,0.15654206
b279738fb9a444e49c69173a9379c137,Sunday - May,12,0.11448598
b279738fb9a444e49c69173a9379c137,Monday - May,16,0.26401868
b279738fb9a444e49c69173a9379c137,Monday - May,19,0.1635514
b279738fb9a444e49c69173a9379c137,Monday - May,4,0.060747664
b279738fb9a444e49c69173a9379c137,Monday - May,7,0.15654206
b279738fb9a444e49c69173a9379c137,Monday - May,12,0.11448598
b279738fb9a444e49c69173a9379c137,Monday - May,21,0.058411215
b279738fb9a444e49c69173a9379c137,Tuesday - May,16,0.32943925
b279738fb9a444e49c69173a9379c137,Tuesday - May,19,0.1635514
b279738fb9a444e49c69173a9379c137,Tuesday - May,4,0.060747664
b279738fb9a444e49c69173a9379c137,Tuesday - May,7,0.19859813
b279738fb9a444e49c69173a9379c137,Tuesday - May,12,0.11448598
b279738fb9a444e49c69173a9379c137,Tuesday - May,21,0.07476635
b279738fb9a444e49c69173a9379c137,Wednesday - May,16,0.4135514
b279738fb9a444e49c69173a9379c137,Wednesday - May,19,0.18691589
b279738fb9a444e49c69173a9379c137,Wednesday - May,4,0.060747664
b279738fb9a444e49c69173a9379c137,Wednesday - May,7,0.2593458
b279738fb9a444e49c69173a9379c137,Wednesday - May,12,0.17523365
b279738fb9a444e49c69173a9379c137,Sunday - July,16,0.5373832
b279738fb9a444e49c69173a9379c137,Sunday - July,19,0.15186916
b279738fb9a444e49c69173a9379c137,Sunday - July,4,0.046728972
b279738fb9a444e49c69173a9379c137,Sunday - July,7,0.3224299
b279738fb9a444e49c69173a9379c137,Sunday - July,12,0.17523365
b279738fb9a444e49c69173a9379c137,Sunday - July,21,0.10981309
b279738fb9a444e49c69173a9379c137,Sunday - July,0,0.023364486
b279738fb9a444e49c69173a9379c137,Monday - July,16,0.5070093
b279738fb9a444e49c69173a9379c137,Monday - July,19,0.15186916
b279738fb9a444e49c69173a9379c137,Monday - July,4,0.046728972
b279738fb9a444e49c69173a9379c137,Monday - July,7,0.3224299
b279738fb9a444e49c69173a9379c137,Monday - July,12,0.17523365
b279738fb9a444e49c69173a9379c137,Monday - July,21,0.13785046
b279738fb9a444e49c69173a9379c137,Monday - July,0,0.023364486
b279738fb9a444e49c69173a9379c137,Tuesday - July,16,0.58411217
b279738fb9a444e49c69173a9379c137,Tuesday - July,19,0.20560747
b279738fb9a444e49c69173a9379c137,Tuesday - July,4,0.046728972
b279738fb9a444e49c69173a9379c137,Tuesday - July,7,0.3224299
b279738fb9a444e49c69173a9379c137,Tuesday - July,12,0.22897196
b279738fb9a444e49c69173a9379c137,Tuesday - July,21,0.19158879
b279738fb9a444e49c69173a9379c137,Tuesday - July,0,0.023364486
b279738fb9a444e49c69173a9379c137,Wednesday - July,16,0.71028036
b279738fb9a444e49c69173a9379c137,Wednesday - July,19,0.28271028
b279738fb9a444e49c69173a9379c137,Wednesday - July,4,0.0771028
b279738fb9a444e49c69173a9379c137,Wednesday - July,7,0.3224299
b279738fb9a444e49c69173a9379c137,Wednesday - July,12,0.32476637
b279738fb9a444e49c69173a9379c137,Wednesday - July,21,0.26635513
b279738fb9a444e49c69173a9379c137,Wednesday - July,0,0.05373832
b279738fb9a444e49c69173a9379c137,Sunday - September,12,0.16588785
b279738fb9a444e49c69173a9379c137,Sunday - September,16,0.13785046
b279738fb9a444e49c69173a9379c137,Sunday - September,19,0.11915888
b279738fb9a444e49c69173a9379c137,Sunday - September,21,0.086448595
b279738fb9a444e49c69173a9379c137,Sunday - September,0,0.11682243
b279738fb9a444e49c69173a9379c137,Sunday - September,4,0.12850468
b279738fb9a444e49c69173a9379c137,Sunday - September,7,0.14252336
b279738fb9a444e49c69173a9379c137,Monday - September,12,0.20327103
b279738fb9a444e49c69173a9379c137,Monday - September,16,0.21728972
b279738fb9a444e49c69173a9379c137,Monday - September,19,0.11915888
b279738fb9a444e49c69173a9379c137,Monday - September,21,0.086448595
b279738fb9a444e49c69173a9379c137,Monday - September,0,0.086448595
b279738fb9a444e49c69173a9379c137,Monday - September,4,0.16588785
b279738fb9a444e49c69173a9379c137,Monday - September,7,0.22196262
b279738fb9a444e49c69173a9379c137,Tuesday - September,12,0.18925233
b279738fb9a444e49c69173a9379c137,Tuesday - September,16,0.20327103
b279738fb9a444e49c69173a9379c137,Tuesday - September,4,0.15186916
b279738fb9a444e49c69173a9379c137,Tuesday - September,7,0.22196262
b279738fb9a444e49c69173a9379c137,Wednesday - September,12,0.25
b279738fb9a444e49c69173a9379c137,Wednesday - September,16,0.29439253
b279738fb9a444e49c69173a9379c137,Wednesday - September,19,0.13551402
b279738fb9a444e49c69173a9379c137,Wednesday - September,21,0.10280374
b279738fb9a444e49c69173a9379c137,Wednesday - September,0,0.10280374
b279738fb9a444e49c69173a9379c137,Wednesday - September,4,0.18224299
b279738fb9a444e49c69173a9379c137,Wednesday - September,7,0.31308413
b279738fb9a444e49c69173a9379c137,Thursday - January,16,0.567757
b279738fb9a444e49c69173a9379c137,Thursday - January,12,0.1542056
b279738fb9a444e49c69173a9379c137,Thursday - January,21,0.2453271
b279738fb9a444e49c69173a9379c137,Thursday - January,7,0.21495327
b279738fb9a444e49c69173a9379c137,Thursday - January,0,0.091121495
b279738fb9a444e49c69173a9379c137,Thursday - January,4,0.05140187
b279738fb9a444e49c69173a9379c137,Thursday - January,19,0.1635514
b279738fb9a444e49c69173a9379c137,Saturday - January,16,0.42056075
b279738fb9a444e49c69173a9379c137,Saturday - January,19,0.19859813
b279738fb9a444e49c69173a9379c137,Saturday - January,21,0.23130842
b279738fb9a444e49c69173a9379c137,Saturday - January,4,0.1542056
b279738fb9a444e49c69173a9379c137,Saturday - January,0,0.22663552
b279738fb9a444e49c69173a9379c137,Saturday - January,7,0.20093457
b279738fb9a444e49c69173a9379c137,Saturday - January,12,0.088785045
b279738fb9a444e49c69173a9379c137,Thursday - March,16,0.635514
b279738fb9a444e49c69173a9379c137,Thursday - March,12,0.31074765
b279738fb9a444e49c69173a9379c137,Thursday - March,21,0.31308413
b279738fb9a444e49c69173a9379c137,Thursday - March,7,0.18691589
b279738fb9a444e49c69173a9379c137,Thursday - March,19,0.27102804
b279738fb9a444e49c69173a9379c137,Thursday - March,0,0.03271028
b279738fb9a444e49c69173a9379c137,Thursday - March,4,0.039719626
b279738fb9a444e49c69173a9379c137,Friday - March,16,0.6285047
b279738fb9a444e49c69173a9379c137,Friday - March,19,0.25467288
b279738fb9a444e49c69173a9379c137,Friday - March,21,0.22663552
b279738fb9a444e49c69173a9379c137,Friday - March,0,0.22196262
b279738fb9a444e49c69173a9379c137,Friday - March,4,0.1495327
b279738fb9a444e49c69173a9379c137,Friday - March,12,0.22196262
b279738fb9a444e49c69173a9379c137,Friday - March,7,0.25467288
b279738fb9a444e49c69173a9379c137,Thursday - May,16,0.69859815
b279738fb9a444e49c69173a9379c137,Thursday - May,12,0.37383178
b279738fb9a444e49c69173a9379c137,Thursday - May,21,0.3224299
b279738fb9a444e49c69173a9379c137,Thursday - May,7,0.21495327
b279738fb9a444e49c69173a9379c137,Thursday - May,19,0.29439253
b279738fb9a444e49c69173a9379c137,Thursday - May,4,0.05373832
b279738fb9a444e49c69173a9379c137,Thursday - May,0,0.06775701
b279738fb9a444e49c69173a9379c137,Friday - May,16,0.6285047
b279738fb9a444e49c69173a9379c137,Friday - May,19,0.27803737
b279738fb9a444e49c69173a9379c137,Friday - May,21,0.2686916
b279738fb9a444e49c69173a9379c137,Friday - May,0,0.26401868
b279738fb9a444e49c69173a9379c137,Friday - May,4,0.20560747
b279738fb9a444e49c69173a9379c137,Friday - May,7,0.3901869
b279738fb9a444e49c69173a9379c137,Friday - May,12,0.22196262
b279738fb9a444e49c69173a9379c137,Saturday - May,16,0.46728972
b279738fb9a444e49c69173a9379c137,Saturday - May,19,0.21728972
b279738fb9a444e49c69173a9379c137,Saturday - May,21,0.23598132
b279738fb9a444e49c69173a9379c137,Saturday - May,4,0.17289719
b279738fb9a444e49c69173a9379c137,Saturday - May,0,0.23130842
b279738fb9a444e49c69173a9379c137,Saturday - May,7,0.29205608
b279738fb9a444e49c69173a9379c137,Saturday - May,12,0.16121495
b279738fb9a444e49c69173a9379c137,Thursday - July,16,0.78971964
b279738fb9a444e49c69173a9379c137,Thursday - July,12,0.37383178
b279738fb9a444e49c69173a9379c137,Thursday - July,21,0.32943925
b279738fb9a444e49c69173a9379c137,Thursday - July,7,0.26635513
b279738fb9a444e49c69173a9379c137,Thursday - July,19,0.32009345
b279738fb9a444e49c69173a9379c137,Thursday - July,4,0.009345794
b279738fb9a444e49c69173a9379c137,Thursday - July,0,0.023364486
b279738fb9a444e49c69173a9379c137,Friday - July,16,0.74065423
b279738fb9a444e49c69173a9379c137,Friday - July,19,0.32009345
b279738fb9a444e49c69173a9379c137,Friday - July,21,0.31074765
b279738fb9a444e49c69173a9379c137,Friday - July,0,0.22196262
b279738fb9a444e49c69173a9379c137,Friday - July,4,0.1495327
b279738fb9a444e49c69173a9379c137,Friday - July,12,0.2686916
b279738fb9a444e49c69173a9379c137,Friday - July,7,0.30373833
b279738fb9a444e49c69173a9379c137,Saturday - July,16,0.5046729
b279738fb9a444e49c69173a9379c137,Saturday - July,19,0.18691589
b279738fb9a444e49c69173a9379c137,Saturday - July,21,0.23831776
b279738fb9a444e49c69173a9379c137,Saturday - July,4,0.12383178
b279738fb9a444e49c69173a9379c137,Saturday - July,0,0.19626169
b279738fb9a444e49c69173a9379c137,Saturday - July,12,0.13785046
b279738fb9a444e49c69173a9379c137,Saturday - July,7,0.22196262
b279738fb9a444e49c69173a9379c137,Thursday - September,16,0.5724299
b279738fb9a444e49c69173a9379c137,Thursday - September,19,0.2406542
b279738fb9a444e49c69173a9379c137,Thursday - September,21,0.23831776
b279738fb9a444e49c69173a9379c137,Thursday - September,12,0.39485982
b279738fb9a444e49c69173a9379c137,Thursday - September,0,0.23130842
b279738fb9a444e49c69173a9379c137,Thursday - September,4,0.23598132
b279738fb9a444e49c69173a9379c137,Thursday - September,7,0.38785046
b279738fb9a444e49c69173a9379c137,Friday - September,16,0.68457943
b279738fb9a444e49c69173a9379c137,Friday - September,19,0.36915886
b279738fb9a444e49c69173a9379c137,Friday - September,21,0.32476637
b279738fb9a444e49c69173a9379c137,Friday - September,12,0.46728972
b279738fb9a444e49c69173a9379c137,Friday - September,0,0.34579438
b279738fb9a444e49c69173a9379c137,Friday - September,4,0.25467288
b279738fb9a444e49c69173a9379c137,Friday - September,7,0.40654206
b279738fb9a444e49c69173a9379c137,Saturday - September,16,0.45560747
b279738fb9a444e49c69173a9379c137,Saturday - September,19,0.18457943
b279738fb9a444e49c69173a9379c137,Saturday - September,21,0.28504673
b279738fb9a444e49c69173a9379c137,Saturday - September,12,0.3411215
b279738fb9a444e49c69173a9379c137,Saturday - September,0,0.28271028
b279738fb9a444e49c69173a9379c137,Saturday - September,4,0.21728972
b279738fb9a444e49c69173a9379c137,Saturday - September,7,0.2990654
b279738fb9a444e49c69173a9379c137,Friday - November,16,0.6728972
b279738fb9a444e49c69173a9379c137,Friday - November,19,0.31308413
b279738fb9a444e49c69173a9379c137,Friday - November,21,0.29205608
b279738fb9a444e49c69173a9379c137,Friday - November,0,0.26635513
b279738fb9a444e49c69173a9379c137,Friday - November,4,0.18224299
b279738fb9a444e49c69173a9379c137,Friday - November,7,0.31308413
b279738fb9a444e49c69173a9379c137,Sunday - January,12,0.0724299
b279738fb9a444e49c69173a9379c137,Friday - November,12,0.27336448
b279738fb9a444e49c69173a9379c137,Sunday - January,16,0.13551402
b279738fb9a444e49c69173a9379c137,Sunday - January,21,0.0771028
b279738fb9a444e49c69173a9379c137,Sunday - January,7,0.11915888
b279738fb9a444e49c69173a9379c137,Sunday - January,19,0.06775701
b279738fb9a444e49c69173a9379c137,Sunday - January,4,0.037383176
b279738fb9a444e49c69173a9379c137,Monday - January,12,0.12616822
b279738fb9a444e49c69173a9379c137,Sunday - January,0,0.049065422
b279738fb9a444e49c69173a9379c137,Monday - January,21,0.12850468
b279738fb9a444e49c69173a9379c137,Monday - January,16,0.21962617
b279738fb9a444e49c69173a9379c137,Monday - January,7,0.086448595
b279738fb9a444e49c69173a9379c137,Monday - January,0,0.042056076
b279738fb9a444e49c69173a9379c137,Monday - January,19,0.15654206
b279738fb9a444e49c69173a9379c137,Monday - January,4,0.030373832
b279738fb9a444e49c69173a9379c137,Tuesday - January,12,0.17289719
b279738fb9a444e49c69173a9379c137,Tuesday - January,16,0.27336448
b279738fb9a444e49c69173a9379c137,Tuesday - January,21,0.18224299
b279738fb9a444e49c69173a9379c137,Tuesday - January,7,0.11915888
b279738fb9a444e49c69173a9379c137,Tuesday - January,19,0.23598132
b279738fb9a444e49c69173a9379c137,Tuesday - January,4,0.037383176
b279738fb9a444e49c69173a9379c137,Wednesday - January,12,0.13317756
b279738fb9a444e49c69173a9379c137,Tuesday - January,0,0.049065422
b279738fb9a444e49c69173a9379c137,Wednesday - January,16,0.2897196
b279738fb9a444e49c69173a9379c137,Wednesday - January,21,0.091121495
b279738fb9a444e49c69173a9379c137,Wednesday - January,7,0.17990655
b279738fb9a444e49c69173a9379c137,Wednesday - January,19,0.1635514
b279738fb9a444e49c69173a9379c137,Wednesday - January,4,0.037383176
b279738fb9a444e49c69173a9379c137,Wednesday - January,0,0.049065422
b279738fb9a444e49c69173a9379c137,Friday - January,16,0.56542057
b279738fb9a444e49c69173a9379c137,Friday - January,19,0.21962617
b279738fb9a444e49c69173a9379c137,Friday - January,21,0.27336448
b279738fb9a444e49c69173a9379c137,Friday - January,0,0.23598132
b279738fb9a444e49c69173a9379c137,Friday - January,4,0.1635514
b279738fb9a444e49c69173a9379c137,Friday - January,7,0.2686916
b279738fb9a444e49c69173a9379c137,Friday - January,12,0.17289719
b279738fb9a444e49c69173a9379c137,Sunday - November,12,0.10046729
b279738fb9a444e49c69173a9379c137,Sunday - November,21,0.037383176
b279738fb9a444e49c69173a9379c137,Sunday - November,16,0.1542056
b279738fb9a444e49c69173a9379c137,Sunday - November,7,0.13785046
b279738fb9a444e49c69173a9379c137,Sunday - November,19,0.03504673
b279738fb9a444e49c69173a9379c137,Sunday - November,4,0.05140187
b279738fb9a444e49c69173a9379c137,Sunday - November,0,0.01635514
b279738fb9a444e49c69173a9379c137,Monday - November,12,0.10046729
b279738fb9a444e49c69173a9379c137,Monday - November,21,0.06775701
b279738fb9a444e49c69173a9379c137,Monday - November,16,0.19158879
b279738fb9a444e49c69173a9379c137,Monday - November,7,0.13785046
b279738fb9a444e49c69173a9379c137,Monday - November,19,0.10280374
b279738fb9a444e49c69173a9379c137,Monday - November,4,0.05140187
b279738fb9a444e49c69173a9379c137,Monday - November,0,0.01635514
b279738fb9a444e49c69173a9379c137,Tuesday - November,12,0.11448598
b279738fb9a444e49c69173a9379c137,Tuesday - November,21,0.06775701
b279738fb9a444e49c69173a9379c137,Tuesday - November,16,0.22897196
b279738fb9a444e49c69173a9379c137,Tuesday - November,7,0.15186916
b279738fb9a444e49c69173a9379c137,Tuesday - November,19,0.10280374
b279738fb9a444e49c69173a9379c137,Tuesday - November,4,0.05140187
b279738fb9a444e49c69173a9379c137,Tuesday - November,0,0.01635514
b279738fb9a444e49c69173a9379c137,Wednesday - November,12,0.22196262
b279738fb9a444e49c69173a9379c137,Wednesday - November,21,0.16588785
b279738fb9a444e49c69173a9379c137,Wednesday - November,16,0.3598131
b279738fb9a444e49c69173a9379c137,Wednesday - November,7,0.21261682
b279738fb9a444e49c69173a9379c137,Wednesday - November,19,0.17289719
b279738fb9a444e49c69173a9379c137,Wednesday - November,4,0.05140187
b279738fb9a444e49c69173a9379c137,Wednesday - November,0,0.01635514
b279738fb9a444e49c69173a9379c137,Thursday - November,12,0.31074765
b279738fb9a444e49c69173a9379c137,Thursday - November,16,0.6168224
b279738fb9a444e49c69173a9379c137,Thursday - November,21,0.2686916
b279738fb9a444e49c69173a9379c137,Thursday - November,7,0.26635513
b279738fb9a444e49c69173a9379c137,Thursday - November,4,0.05373832
b279738fb9a444e49c69173a9379c137,Thursday - November,19,0.20794393
b279738fb9a444e49c69173a9379c137,Thursday - November,0,0.046728972
b279738fb9a444e49c69173a9379c137,Saturday - November,16,0.35280374
b279738fb9a444e49c69173a9379c137,Saturday - November,19,0.10514019
b279738fb9a444e49c69173a9379c137,Saturday - November,21,0.19158879
b279738fb9a444e49c69173a9379c137,Saturday - November,4,0.095794395
b279738fb9a444e49c69173a9379c137,Saturday - November,0,0.1542056
b279738fb9a444e49c69173a9379c137,Saturday - November,7,0.22897196
b279738fb9a444e49c69173a9379c137,Saturday - November,12,0.11682243
b279738fb9a444e49c69173a9379c137,Saturday - March,16,0.39719626
b279738fb9a444e49c69173a9379c137,Saturday - March,19,0.1495327
b279738fb9a444e49c69173a9379c137,Saturday - March,21,0.17056075
b279738fb9a444e49c69173a9379c137,Saturday - March,4,0.093457945
b279738fb9a444e49c69173a9379c137,Saturday - March,0,0.16588785
b279738fb9a444e49c69173a9379c137,Saturday - March,12,0.16121495
b279738fb9a444e49c69173a9379c137,Saturday - March,7,0.18691589
